{"cameraMode":{"drawMode":0,"name":"Shaded","section":"Shading Mode"},"sceneLighting":true,"audioPlay":false,"sceneViewState":{"m_AlwaysRefresh":false,"showFog":true,"showSkybox":true,"showFlares":true,"showImageEffects":true,"showParticleSystems":true,"showVisualEffectGraphs":true,"m_FxEnabled":true},"in2DMode":false,"pivot":{"x":20.392364501953126,"y":32.164974212646487,"z":32.82310485839844},"rotation":{"x":-0.13340841233730317,"y":0.0027040138375014068,"z":-0.00036344188265502453,"w":-0.9910510182380676},"size":5.986114978790283,"orthographic":false}